<?xml version="1.0" encoding="UTF-8"?>
<?xml-stylesheet type='text/xsl' href='_LinqUpgradeReport_Files/LinqUpgradeReport.xslt'?>
<LinqUpgradeLog>
<Properties>
<Property Name="Solution" Value="E:\STUDY\PROJECT SUMMER 16-17\BankTransection\BankTransection.sln"></Property>
<Property Name="Solution File" Value="E:\STUDY\PROJECT SUMMER 16-17\BankTransection"></Property>
<Property Name="Date" Value="3/12/2019 2:10:19 AM"></Property>
</Properties>
<Event ErrorLevel="3" Project="BankTransection" Source="AccountClientInfo.cs" Description="No need to convert"></Event>
<Event ErrorLevel="3" Project="BankTransection" Source="AccountClientInfo.Designer.cs" Description="No need to convert"></Event>
<Event ErrorLevel="3" Project="BankTransection" Source="AccountClientInfo.resx" Description="No need to convert"></Event>
<Event ErrorLevel="3" Project="BankTransection" Source="App.config" Description="Converted"></Event>
<Event ErrorLevel="3" Project="BankTransection" Source="BankTransection_TemporaryKey.pfx" Description="No need to convert"></Event>
<Event ErrorLevel="3" Project="BankTransection" Source="CalanderHp.cs" Description="No need to convert"></Event>
<Event ErrorLevel="3" Project="BankTransection" Source="CalanderHp.Designer.cs" Description="No need to convert"></Event>
<Event ErrorLevel="3" Project="BankTransection" Source="CalanderHp.resx" Description="No need to convert"></Event>
<Event ErrorLevel="3" Project="BankTransection" Source="CreateNewAccount.cs" Description="No need to convert"></Event>
<Event ErrorLevel="3" Project="BankTransection" Source="CreateNewAccount.Designer.cs" Description="No need to convert"></Event>
<Event ErrorLevel="3" Project="BankTransection" Source="CreateNewAccount.resx" Description="No need to convert"></Event>
<Event ErrorLevel="3" Project="BankTransection" Source="DB.lqml" Description="No need to convert"></Event>
<Event ErrorLevel="3" Project="BankTransection" Source="DB.Designer.cs" Description="No need to convert"></Event>
<Event ErrorLevel="3" Project="BankTransection" Source="DB.Diagram1.view" Description="No need to convert"></Event>
<Event ErrorLevel="3" Project="BankTransection" Source="DB.edps" Description="No need to convert"></Event>
<Event ErrorLevel="3" Project="BankTransection" Source="DepositEntry.cs" Description="No need to convert"></Event>
<Event ErrorLevel="3" Project="BankTransection" Source="DepositEntry.Designer.cs" Description="No need to convert"></Event>
<Event ErrorLevel="3" Project="BankTransection" Source="DepositEntry.resx" Description="No need to convert"></Event>
<Event ErrorLevel="3" Project="BankTransection" Source="Employee.cs" Description="No need to convert"></Event>
<Event ErrorLevel="3" Project="BankTransection" Source="Form1.cs" Description="No need to convert"></Event>
<Event ErrorLevel="3" Project="BankTransection" Source="Form1.Designer.cs" Description="No need to convert"></Event>
<Event ErrorLevel="3" Project="BankTransection" Source="Form1.resx" Description="No need to convert"></Event>
<Event ErrorLevel="3" Project="BankTransection" Source="Gmail.cs" Description="No need to convert"></Event>
<Event ErrorLevel="3" Project="BankTransection" Source="Gmail.Designer.cs" Description="No need to convert"></Event>
<Event ErrorLevel="3" Project="BankTransection" Source="Gmail.resx" Description="No need to convert"></Event>
<Event ErrorLevel="3" Project="BankTransection" Source="Graph.cs" Description="No need to convert"></Event>
<Event ErrorLevel="3" Project="BankTransection" Source="Graph.Designer.cs" Description="No need to convert"></Event>
<Event ErrorLevel="3" Project="BankTransection" Source="Graph.resx" Description="No need to convert"></Event>
<Event ErrorLevel="3" Project="BankTransection" Source="HomePage.cs" Description="No need to convert"></Event>
<Event ErrorLevel="3" Project="BankTransection" Source="HomePage.Designer.cs" Description="No need to convert"></Event>
<Event ErrorLevel="3" Project="BankTransection" Source="HomePage.resx" Description="No need to convert"></Event>
<Event ErrorLevel="3" Project="BankTransection" Source="Image" Description="No need to convert"></Event>
<Event ErrorLevel="3" Project="BankTransection" Source="LoanPayment.cs" Description="No need to convert"></Event>
<Event ErrorLevel="3" Project="BankTransection" Source="LoanPayment.Designer.cs" Description="No need to convert"></Event>
<Event ErrorLevel="3" Project="BankTransection" Source="LoanPayment.resx" Description="No need to convert"></Event>
<Event ErrorLevel="3" Project="BankTransection" Source="ManageEmp.cs" Description="No need to convert"></Event>
<Event ErrorLevel="3" Project="BankTransection" Source="ManageEmp.Designer.cs" Description="No need to convert"></Event>
<Event ErrorLevel="3" Project="BankTransection" Source="ManageEmp.resx" Description="No need to convert"></Event>
<Event ErrorLevel="3" Project="BankTransection" Source="MetroFramework.txt" Description="No need to convert"></Event>
<Event ErrorLevel="3" Project="BankTransection" Source="NewEmp.cs" Description="No need to convert"></Event>
<Event ErrorLevel="3" Project="BankTransection" Source="NewEmp.Designer.cs" Description="No need to convert"></Event>
<Event ErrorLevel="3" Project="BankTransection" Source="NewEmp.resx" Description="No need to convert"></Event>
<Event ErrorLevel="3" Project="BankTransection" Source="NewLoan.cs" Description="No need to convert"></Event>
<Event ErrorLevel="3" Project="BankTransection" Source="NewLoan.Designer.cs" Description="No need to convert"></Event>
<Event ErrorLevel="3" Project="BankTransection" Source="NewLoan.resx" Description="No need to convert"></Event>
<Event ErrorLevel="3" Project="BankTransection" Source="OdbConnector.cs" Description="No need to convert"></Event>
<Event ErrorLevel="3" Project="BankTransection" Source="OdbDataProvider.cs" Description="No need to convert"></Event>
<Event ErrorLevel="3" Project="BankTransection" Source="packages.config" Description="No need to convert"></Event>
<Event ErrorLevel="3" Project="BankTransection" Source="Profile.cs" Description="No need to convert"></Event>
<Event ErrorLevel="3" Project="BankTransection" Source="Profile.Designer.cs" Description="No need to convert"></Event>
<Event ErrorLevel="3" Project="BankTransection" Source="Profile.resx" Description="No need to convert"></Event>
<Event ErrorLevel="3" Project="BankTransection" Source="Program.cs" Description="No need to convert"></Event>
<Event ErrorLevel="3" Project="BankTransection" Source="Properties" Description="No need to convert"></Event>
<Event ErrorLevel="3" Project="BankTransection" Source="AssemblyInfo.cs" Description="No need to convert"></Event>
<Event ErrorLevel="3" Project="BankTransection" Source="Resources.resx" Description="No need to convert"></Event>
<Event ErrorLevel="3" Project="BankTransection" Source="Resources.Designer.cs" Description="No need to convert"></Event>
<Event ErrorLevel="3" Project="BankTransection" Source="Settings.settings" Description="No need to convert"></Event>
<Event ErrorLevel="3" Project="BankTransection" Source="Settings.Designer.cs" Description="No need to convert"></Event>
<Event ErrorLevel="3" Project="BankTransection" Source="Resources" Description="No need to convert"></Event>
<Event ErrorLevel="3" Project="BankTransection" Source="138658-200.png" Description="No need to convert"></Event>
<Event ErrorLevel="3" Project="BankTransection" Source="cartesian.png" Description="No need to convert"></Event>
<Event ErrorLevel="3" Project="BankTransection" Source="Cheque.png" Description="No need to convert"></Event>
<Event ErrorLevel="3" Project="BankTransection" Source="gmail-kuverta.png" Description="No need to convert"></Event>
<Event ErrorLevel="3" Project="BankTransection" Source="HomePageBackground.png" Description="No need to convert"></Event>
<Event ErrorLevel="3" Project="BankTransection" Source="info_information_user_about_card_button_symbol_icon-512.png" Description="No need to convert"></Event>
<Event ErrorLevel="3" Project="BankTransection" Source="manageEmp.png" Description="No need to convert"></Event>
<Event ErrorLevel="3" Project="BankTransection" Source="reload-icon.png" Description="No need to convert"></Event>
<Event ErrorLevel="3" Project="BankTransection" Source="rsz_63053-200.png" Description="No need to convert"></Event>
<Event ErrorLevel="3" Project="BankTransection" Source="rsz_a-business-meeting-57.jpg" Description="No need to convert"></Event>
<Event ErrorLevel="3" Project="BankTransection" Source="rsz_aligning-learning-to-business.jpg" Description="No need to convert"></Event>
<Event ErrorLevel="3" Project="BankTransection" Source="rsz_bg01.jpg" Description="No need to convert"></Event>
<Event ErrorLevel="3" Project="BankTransection" Source="rsz_business-people-4172.jpg" Description="No need to convert"></Event>
<Event ErrorLevel="3" Project="BankTransection" Source="rsz_business-quotes-wallpaper-05668.jpg" Description="No need to convert"></Event>
<Event ErrorLevel="3" Project="BankTransection" Source="rsz_business-trade-512.png" Description="No need to convert"></Event>
<Event ErrorLevel="3" Project="BankTransection" Source="rsz_business-wallpaper3.jpg" Description="No need to convert"></Event>
<Event ErrorLevel="3" Project="BankTransection" Source="rsz_clientinfo.png" Description="No need to convert"></Event>
<Event ErrorLevel="3" Project="BankTransection" Source="rsz_delivering-intelligent-solutions.jpg" Description="No need to convert"></Event>
<Event ErrorLevel="3" Project="BankTransection" Source="rsz_deposit.png" Description="No need to convert"></Event>
<Event ErrorLevel="3" Project="BankTransection" Source="rsz_f64hbzt.jpg" Description="No need to convert"></Event>
<Event ErrorLevel="3" Project="BankTransection" Source="rsz_gmail1600.png" Description="No need to convert"></Event>
<Event ErrorLevel="3" Project="BankTransection" Source="rsz_homeloan-logo-t.png" Description="No need to convert"></Event>
<Event ErrorLevel="3" Project="BankTransection" Source="rsz_homePage.png" Description="No need to convert"></Event>
<Event ErrorLevel="3" Project="BankTransection" Source="rsz_imagepassprotected.png" Description="No need to convert"></Event>
<Event ErrorLevel="3" Project="BankTransection" Source="rsz_pay-payment-icon-9.png" Description="No need to convert"></Event>
<Event ErrorLevel="3" Project="BankTransection" Source="rsz_refresh.png" Description="No need to convert"></Event>
<Event ErrorLevel="3" Project="BankTransection" Source="rsz_reload-icon.png" Description="No need to convert"></Event>
<Event ErrorLevel="3" Project="BankTransection" Source="rsz_signin.png" Description="No need to convert"></Event>
<Event ErrorLevel="3" Project="BankTransection" Source="rsz_usd-payment-icon-70450.png" Description="No need to convert"></Event>
<Event ErrorLevel="3" Project="BankTransection" Source="rsz_user.png" Description="No need to convert"></Event>
<Event ErrorLevel="3" Project="BankTransection" Source="rsz_user_file-512.png" Description="No need to convert"></Event>
<Event ErrorLevel="3" Project="BankTransection" Source="rsz_windows-close.png" Description="No need to convert"></Event>
<Event ErrorLevel="3" Project="BankTransection" Source="Transfer.cs" Description="No need to convert"></Event>
<Event ErrorLevel="3" Project="BankTransection" Source="Transfer.Designer.cs" Description="No need to convert"></Event>
<Event ErrorLevel="3" Project="BankTransection" Source="Transfer.resx" Description="No need to convert"></Event>
<Event ErrorLevel="3" Project="BankTransection" Source="Update.cs" Description="No need to convert"></Event>
<Event ErrorLevel="3" Project="BankTransection" Source="Update.Designer.cs" Description="No need to convert"></Event>
<Event ErrorLevel="3" Project="BankTransection" Source="Update.resx" Description="No need to convert"></Event>
<Event ErrorLevel="3" Project="BankTransection" Source="updateTransfer.cs" Description="No need to convert"></Event>
<Event ErrorLevel="3" Project="BankTransection" Source="updateTransfer.Designer.cs" Description="No need to convert"></Event>
<Event ErrorLevel="3" Project="BankTransection" Source="updateTransfer.resx" Description="No need to convert"></Event>
<Event ErrorLevel="3" Project="BankTransection" Source="W_Cheque.cs" Description="No need to convert"></Event>
<Event ErrorLevel="3" Project="BankTransection" Source="W_Cheque.Designer.cs" Description="No need to convert"></Event>
<Event ErrorLevel="3" Project="BankTransection" Source="W_Cheque.resx" Description="No need to convert"></Event>

</LinqUpgradeLog>